软件出处：shenzhen.seosrx.net,作者:三人行-ashin4015，转载请注明谢谢！	
www.seosrx.net排名情况	
seo三人行,1,313,272,41,1240000	
seosrx,1,69,69,0,118000	
百度seo教程,3,7797,48,7749,8950000	
什么是seo,3,208,119,89,52900000	
seo三人行,4,313,272,41,1240000	
seo 优化,4,177,77,100,94600000	
什么是优化,5,44,18,26,87800000	
seo培训班,6,16,0,16,6630000	
seo 是什么,7,0,0,0,5040000	
seo三人行,8,313,272,41,1240000	
seosrx,9,69,69,0,118000	
seo优化,10,950,798,152,42300000	
seo三人行,11,313,272,41,1240000	
seo,12,6641,5684,957,100000000	
是什么,12,520,169,351,100000000	
seo三人行,12,313,272,41,1240000	
seo三人行,13,313,272,41,1240000	
seo 教程,13,115,99,16,19100000	
seo教程,14,809,627,182,18900000	
seo是什么,15,1171,841,330,14900000	
seo三人行,15,313,272,41,1240000	
seosrx,15,69,69,0,118000	
seo三人行,16,313,272,41,1240000	
seosrx,16,69,69,0,118000	
搜索引擎优化seo,16,17,17,0,19200000	
宝强体,16,0,0,0,150000	
seo培训,17,446,348,98,11900000	
百度seo,17,328,132,196,49200000	
seo三人行,17,313,272,41,1240000	
黑帽seo培训,17,52,36,16,1080000	
seo网站系统,17,0,0,0,5250000	
seo三人行,18,313,272,41,1240000	
seo三人行,19,313,272,41,1240000	
seo三人行,20,313,272,41,1240000	
baidu seo,20,179,59,120,49300000	
什么是,21,1201,381,820,100000000	
seo 优化教程,21,0,0,0,12800000	
是什么意思,22,1353,525,828,100000000	
优化,22,815,373,442,100000000	
bbs是什么意思,25,400,238,162,100000000	
引擎是什么意思,25,178,103,75,53700000	
什么是网站优化,25,129,9,120,47400000	
seo搜索引擎优化,26,96,70,26,19200000	
哈弗・派,28,75,66,9,69	
三人行网站,28,60,26,34,3280000	
优化技术,28,34,18,16,59400000	
谢耳朵口头语,28,0,0,0,85900	
gee backward masking,28,0,0,0,97000	
泯灭乾坤,28,0,0,0,3220	
顾问是什么意思,30,169,81,88,41200000	
免费seo培训,30,8,0,8,3150000	
严晓频的丈夫,32,60,26,34,553000	
两天一夜121230,33,0,0,0,9660	
seo是什么意思,34,344,198,146,39900000	
bbs是什么,34,201,73,128,100000000	
严晓频老公,34,81,38,43,251000	
黑链交易,36,0,0,0,239000	
baike.baidu.com,37,193,120,73,96200000	
两天一夜120819,37,0,0,0,41800	
家庭演播室李静,37,0,0,0,96500	
什么是搜索引擎,38,150,76,74,99200000	
辽宁seo,38,0,0,0,4220000	
百度seo培训,39,25,8,17,4720000	
博客是什么,40,232,84,148,100000000	
seo优化技术,40,60,27,33,36000000	
seopassword,40,45,45,0,430000	
seo优化培训,41,47,36,11,28500000	
引擎优化,41,34,18,16,34900000	
搜索引擎有哪些,42,166,75,91,80600000	
免费seo诊断,42,114,9,105,334000	
什么是搜索引擎优化,42,61,36,25,9070000	
海物语有你相伴,42,0,0,0,313000	
巴中心连心慰问直播,42,0,0,0,30400	
金陵十三钗英语影评,42,0,0,0,677000	
医院seo,43,0,0,0,5670000	
seo技术,45,260,141,119,22700000	
搜索网站有哪些,46,169,99,70,100000000	
荥阳seo,46,0,0,0,537000	
seo技巧,47,94,70,24,20200000	
www.92to.com,49,191,67,124,219000	
seo优化论坛,49,30,9,21,62200000	
韩剧爱全为你,49,25,9,16,11800	
网站搜索引擎优化,50,44,36,8,21500000	
冀恕前愆,50,0,0,0,62500	
shenzhen.seosrx.net排名情况	
深圳seo优化,28,108,69,39,5100000	
seo三人行,29,313,272,41,1240000	
seosrx,34,69,69,0,118000	
深圳seo,40,287,218,69,10600000	
深圳seo公司,44,72,56,16,7390000	
